NLDAS_perm.1_20010101.20010102_apcpsfc.RData	NLDAS_perm.1_20010101.20010102_dswrfsfc.RData	NLDAS_perm.23_20010101.20010102_apcpsfc.RData	NLDAS_perm.23_20010101.20010102_dswrfsfc.RData	NLDAS_42.3_20010101.20010102_apcpsfc.RData	NLDAS_42.3_20010101.20010102_dswrfsfc.RData	NLDAS_45.6_20010101.20010102_apcpsfc.RData	NLDAS_45.6_20010101.20010102_dswrfsfc.RData	NLDAS_-89.1_20010101.20010102_apcpsfc.RData	NLDAS_-89.1_20010101.20010102_dswrfsfc.RData	NLDAS_-93.1_20010101.20010102_apcpsfc.RData	NLDAS_-93.1_20010101.20010102_dswrfsfc.RData	
